{"cameraMode":{"drawMode":0,"name":"Shaded","section":"Shading Mode"},"sceneLighting":false,"audioPlay":false,"sceneViewState":{"m_AlwaysRefresh":false,"showFog":true,"showSkybox":false,"showFlares":true,"showImageEffects":true,"showParticleSystems":true,"showVisualEffectGraphs":true,"m_FxEnabled":true},"in2DMode":false,"pivot":{"x":-0.09999999403953552,"y":-0.016185492277145387,"z":-0.10000000149011612},"rotation":{"x":0.11897603422403336,"y":-0.8467998504638672,"z":0.21316316723823548,"w":0.472663015127182},"size":0.11520812660455704,"orthographic":true}