{"cameraMode":{"drawMode":0,"name":"Shaded","section":"Shading Mode"},"sceneLighting":false,"audioPlay":false,"sceneViewState":{"m_AlwaysRefresh":false,"showFog":true,"showSkybox":false,"showFlares":true,"showImageEffects":true,"showParticleSystems":true,"showVisualEffectGraphs":true,"m_FxEnabled":true},"in2DMode":false,"pivot":{"x":0.05275729298591614,"y":0.32389935851097109,"z":-0.18902285397052766},"rotation":{"x":-0.006286536809056997,"y":0.9405590295791626,"z":0.017504703253507615,"w":0.3392825424671173},"size":0.3751294016838074,"orthographic":false}