{"cameraMode":{"drawMode":0,"name":"Shaded","section":"Shading Mode"},"sceneLighting":false,"audioPlay":false,"sceneViewState":{"m_AlwaysRefresh":false,"showFog":true,"showSkybox":false,"showFlares":true,"showImageEffects":true,"showParticleSystems":true,"showVisualEffectGraphs":true,"m_FxEnabled":true},"in2DMode":false,"pivot":{"x":0.8959953188896179,"y":-2.94088077545166,"z":-3.5187902450561525},"rotation":{"x":0.05823490396142006,"y":0.9372540712356567,"z":-0.28623291850090029,"w":0.19066768884658814},"size":3.6491644382476808,"orthographic":false}