{"cameraMode":{"drawMode":0,"name":"Shaded","section":"Shading Mode"},"sceneLighting":false,"audioPlay":false,"sceneViewState":{"showFog":true,"showMaterialUpdate":false,"showSkybox":false,"showFlares":true,"showImageEffects":true,"showParticleSystems":true},"in2DMode":false,"pivot":{"x":2.936831474304199,"y":-0.6198749542236328,"z":-1.8072690963745118},"rotation":{"x":0.04299429804086685,"y":0.9324724078178406,"z":-0.1184103712439537,"w":0.3385845422744751},"size":3.656201124191284,"orthographic":false}