{"cameraMode":{"drawMode":0,"name":"Shaded","section":"Shading Mode"},"sceneLighting":false,"audioPlay":false,"sceneViewState":{"showFog":true,"showMaterialUpdate":false,"showSkybox":false,"showFlares":true,"showImageEffects":true,"showParticleSystems":true},"in2DMode":false,"pivot":{"x":-0.37252190709114077,"y":0.7765836715698242,"z":-3.587430477142334},"rotation":{"x":-0.00016213425260502845,"y":0.9987878799438477,"z":0.04917038604617119,"w":0.0032971161417663099},"size":2.5900309085845949,"orthographic":false}