{"cameraMode":{"drawMode":0,"name":"Shaded","section":"Shading Mode"},"sceneLighting":true,"audioPlay":false,"sceneViewState":{"showFog":true,"showMaterialUpdate":false,"showSkybox":true,"showFlares":true,"showImageEffects":true,"showParticleSystems":true},"in2DMode":false,"pivot":{"x":-0.022806614637374879,"y":-2.124436855316162,"z":1.4989827871322632},"rotation":{"x":-0.5373365879058838,"y":0.3988817036151886,"z":-0.3195083439350128,"w":-0.6709098815917969},"size":4.293729305267334,"orthographic":false}