{"cameraMode":{"drawMode":0,"name":"Shaded","section":"Shading Mode"},"sceneLighting":false,"audioPlay":false,"sceneViewState":{"showFog":true,"showMaterialUpdate":false,"showSkybox":false,"showFlares":true,"showImageEffects":true,"showParticleSystems":true},"in2DMode":false,"pivot":{"x":-0.0898975133895874,"y":0.09696382284164429,"z":0.054207682609558108},"rotation":{"x":0.0348532497882843,"y":0.961234986782074,"z":-0.14410629868507386,"w":0.2324824184179306},"size":0.8493515849113464,"orthographic":false}