{"cameraMode":{"drawMode":0,"name":"Shaded","section":"Shading Mode"},"sceneLighting":false,"audioPlay":false,"sceneViewState":{"showFog":true,"showMaterialUpdate":false,"showSkybox":false,"showFlares":true,"showImageEffects":true,"showParticleSystems":true},"in2DMode":false,"pivot":{"x":-0.5976319313049316,"y":0.5371966361999512,"z":-0.03835129737854004},"rotation":{"x":0.0348532497882843,"y":0.961234986782074,"z":-0.14410629868507386,"w":0.2324824184179306},"size":4.742214202880859,"orthographic":false}