{"cameraMode":{"drawMode":0,"name":"Shaded","section":"Shading Mode"},"sceneLighting":true,"audioPlay":false,"sceneViewState":{"m_AlwaysRefresh":false,"showFog":true,"showSkybox":true,"showFlares":true,"showImageEffects":true,"showParticleSystems":true,"showVisualEffectGraphs":true,"m_FxEnabled":true},"in2DMode":false,"pivot":{"x":-21.376747131347658,"y":0.32681000232696535,"z":-6.593559265136719},"rotation":{"x":-0.0057688187807798389,"y":0.8122466206550598,"z":-0.008046845905482769,"w":-0.5833141207695007},"size":10.330370903015137,"orthographic":false}