{"cameraMode":{"drawMode":0,"name":"Shaded","section":"Shading Mode"},"sceneLighting":true,"audioPlay":false,"sceneViewState":{"m_AlwaysRefresh":false,"showFog":true,"showSkybox":true,"showFlares":true,"showImageEffects":true,"showParticleSystems":true,"showVisualEffectGraphs":true,"m_FxEnabled":true},"in2DMode":false,"pivot":{"x":-0.047637734562158588,"y":1.2846298217773438,"z":0.1508226841688156},"rotation":{"x":-0.014857441186904908,"y":-0.842392086982727,"z":0.5381662845611572,"w":-0.02325778268277645},"size":0.09311597049236298,"orthographic":true}