{"cameraMode":{"drawMode":0,"name":"Shaded","section":"Shading Mode"},"sceneLighting":true,"audioPlay":false,"sceneViewState":{"m_AlwaysRefresh":false,"showFog":true,"showSkybox":true,"showFlares":true,"showImageEffects":true,"showParticleSystems":true,"showVisualEffectGraphs":true,"m_FxEnabled":true},"in2DMode":false,"pivot":{"x":-2.6061668395996095,"y":-0.7005414366722107,"z":8.341468811035157},"rotation":{"x":0.09665292501449585,"y":-0.11854936182498932,"z":0.011594807729125023,"w":0.9881674647331238},"size":5.611055374145508,"orthographic":false}