{"cameraMode":{"drawMode":0,"name":"Shaded","section":"Shading Mode"},"sceneLighting":true,"audioPlay":false,"sceneViewState":{"m_AlwaysRefresh":false,"showFog":true,"showSkybox":true,"showFlares":true,"showImageEffects":true,"showParticleSystems":true,"showVisualEffectGraphs":true,"m_FxEnabled":true},"in2DMode":false,"pivot":{"x":-18.153837203979493,"y":-0.8309547901153565,"z":-30.181344985961915},"rotation":{"x":-0.008204584009945393,"y":0.9675096273422241,"z":-0.03134134039282799,"w":-0.250966876745224},"size":13.610857009887696,"orthographic":false}