{"cameraMode":{"drawMode":0,"name":"Shaded","section":"Shading Mode"},"sceneLighting":true,"audioPlay":false,"sceneViewState":{"m_AlwaysRefresh":false,"showFog":true,"showSkybox":true,"showFlares":true,"showImageEffects":true,"showParticleSystems":true,"showVisualEffectGraphs":true,"m_FxEnabled":true},"in2DMode":false,"pivot":{"x":-2.2615668773651125,"y":1.9140000343322755,"z":-0.978691816329956},"rotation":{"x":0.020735658705234529,"y":-0.8392813801765442,"z":0.033040016889572147,"w":0.5428224205970764},"size":0.2515576481819153,"orthographic":false}