{"cameraMode":{"drawMode":0,"name":"Shaded","section":"Shading Mode"},"sceneLighting":true,"audioPlay":false,"sceneViewState":{"m_AlwaysRefresh":false,"showFog":true,"showSkybox":true,"showFlares":true,"showImageEffects":true,"showParticleSystems":true,"showVisualEffectGraphs":true,"m_FxEnabled":true},"in2DMode":false,"pivot":{"x":-0.016382485628128053,"y":1.262473225593567,"z":0.044178277254104617},"rotation":{"x":-0.06144463270902634,"y":0.9309749007225037,"z":-0.3089190125465393,"w":-0.1850081831216812},"size":0.6678125858306885,"orthographic":false}