{"cameraMode":{"drawMode":0,"name":"Shaded","section":"Shading Mode"},"sceneLighting":true,"audioPlay":false,"sceneViewState":{"m_AlwaysRefresh":false,"showFog":true,"showSkybox":true,"showFlares":true,"showImageEffects":true,"showParticleSystems":true,"showVisualEffectGraphs":true,"m_FxEnabled":true},"in2DMode":false,"pivot":{"x":-6.643571853637695,"y":-0.9018118977546692,"z":-1.9942651987075806},"rotation":{"x":0.12544909119606019,"y":-0.7019171714782715,"z":0.12772735953330995,"w":0.6893948912620544},"size":5.0455546379089359,"orthographic":false}