{"cameraMode":{"drawMode":0,"name":"Shaded","section":"Shading Mode"},"sceneLighting":true,"audioPlay":false,"sceneViewState":{"m_AlwaysRefresh":false,"showFog":true,"showSkybox":true,"showFlares":true,"showImageEffects":true,"showParticleSystems":true,"showVisualEffectGraphs":true,"m_FxEnabled":true},"in2DMode":false,"pivot":{"x":0.04486458748579025,"y":1.1943199634552003,"z":0.30528217554092409},"rotation":{"x":-0.004049583338201046,"y":-0.9655715227127075,"z":0.25976085662841799,"w":-0.015066545456647873},"size":0.22430960834026338,"orthographic":true}