{"cameraMode":{"drawMode":0,"name":"Shaded","section":"Shading Mode"},"sceneLighting":true,"audioPlay":false,"sceneViewState":{"m_AlwaysRefresh":false,"showFog":true,"showSkybox":true,"showFlares":true,"showImageEffects":true,"showParticleSystems":true,"showVisualEffectGraphs":true,"m_FxEnabled":true},"in2DMode":false,"pivot":{"x":-0.6466188430786133,"y":0.33412599563598635,"z":-0.3928332030773163},"rotation":{"x":-0.06487596780061722,"y":0.920454204082489,"z":-0.1735066920518875,"w":-0.3442377746105194},"size":0.7257787585258484,"orthographic":false}