{"cameraMode":{"drawMode":0,"name":"Shaded","section":"Shading Mode"},"sceneLighting":true,"audioPlay":false,"sceneViewState":{"m_AlwaysRefresh":false,"showFog":true,"showSkybox":true,"showFlares":true,"showImageEffects":true,"showParticleSystems":true,"showVisualEffectGraphs":true,"m_FxEnabled":true},"in2DMode":false,"pivot":{"x":-0.047637734562158588,"y":1.2846298217773438,"z":0.1508226841688156},"rotation":{"x":0.05987241864204407,"y":-0.9343723654747009,"z":0.18892018496990205,"w":0.29611241817474368},"size":0.36223313212394717,"orthographic":true}