{"cameraMode":{"drawMode":0,"name":"Shaded","section":"Shading Mode"},"sceneLighting":true,"audioPlay":false,"sceneViewState":{"m_AlwaysRefresh":false,"showFog":true,"showSkybox":true,"showFlares":true,"showImageEffects":true,"showParticleSystems":true,"showVisualEffectGraphs":true,"m_FxEnabled":true},"in2DMode":false,"pivot":{"x":-22.674057006835939,"y":-0.026289701461791993,"z":-14.642247200012207},"rotation":{"x":-0.03607064485549927,"y":0.8785438537597656,"z":-0.06808925420045853,"w":-0.4721151292324066},"size":16.84693717956543,"orthographic":false}