{"cameraMode":{"drawMode":0,"name":"Shaded","section":"Shading Mode"},"sceneLighting":true,"audioPlay":false,"sceneViewState":{"m_AlwaysRefresh":false,"showFog":true,"showSkybox":true,"showFlares":true,"showImageEffects":true,"showParticleSystems":true,"showVisualEffectGraphs":true,"m_FxEnabled":true},"in2DMode":false,"pivot":{"x":-0.041042301803827289,"y":1.4005000591278077,"z":0.11607719957828522},"rotation":{"x":-0.1815132349729538,"y":0.7322065830230713,"z":-0.21398594975471497,"w":-0.6207005381584168},"size":0.5660253763198853,"orthographic":false}