{"cameraMode":{"drawMode":0,"name":"Shaded","section":"Shading Mode"},"sceneLighting":true,"audioPlay":false,"sceneViewState":{"m_AlwaysRefresh":false,"showFog":true,"showSkybox":true,"showFlares":true,"showImageEffects":true,"showParticleSystems":true,"showVisualEffectGraphs":true,"m_FxEnabled":true},"in2DMode":false,"pivot":{"x":-6.190552711486816,"y":1.4222955703735352,"z":-1.4453274011611939},"rotation":{"x":-0.02957284450531006,"y":0.7040414214134216,"z":-0.02896297723054886,"w":-0.7090829610824585},"size":1.8210211992263795,"orthographic":true}