{"cameraMode":{"drawMode":0,"name":"Shaded","section":"Shading Mode"},"sceneLighting":false,"audioPlay":false,"sceneViewState":{"m_AlwaysRefresh":false,"showFog":true,"showSkybox":false,"showFlares":true,"showImageEffects":true,"showParticleSystems":true,"showVisualEffectGraphs":true,"m_FxEnabled":true},"in2DMode":false,"pivot":{"x":-0.846857488155365,"y":0.6042928695678711,"z":-0.1509847342967987},"rotation":{"x":-0.0017064979765564204,"y":0.998336136341095,"z":-0.035662904381752017,"w":-0.04641733691096306},"size":0.6484423875808716,"orthographic":false}