{"cameraMode":{"drawMode":0,"name":"Shaded","section":"Shading Mode"},"sceneLighting":false,"audioPlay":false,"sceneViewState":{"m_AlwaysRefresh":false,"showFog":true,"showSkybox":false,"showFlares":true,"showImageEffects":true,"showParticleSystems":true,"showVisualEffectGraphs":true,"m_FxEnabled":true},"in2DMode":false,"pivot":{"x":-0.24915945529937745,"y":0.5731906890869141,"z":-0.2044532299041748},"rotation":{"x":-0.0017064979765564204,"y":0.998336136341095,"z":-0.035662904381752017,"w":-0.04641733691096306},"size":0.3484423756599426,"orthographic":false}