{"cameraMode":{"drawMode":0,"name":"Shaded","section":"Shading Mode"},"sceneLighting":false,"audioPlay":false,"sceneViewState":{"m_AlwaysRefresh":false,"showFog":true,"showSkybox":false,"showFlares":true,"showImageEffects":true,"showParticleSystems":true,"showVisualEffectGraphs":true,"m_FxEnabled":true},"in2DMode":false,"pivot":{"x":-0.5932475924491882,"y":0.20631366968154908,"z":-0.656132698059082},"rotation":{"x":-0.008682199753820897,"y":0.9889162182807922,"z":-0.06357858330011368,"w":-0.1342802494764328},"size":0.7257789969444275,"orthographic":false}