{"cameraMode":{"drawMode":0,"name":"Shaded","section":"Shading Mode"},"sceneLighting":false,"audioPlay":false,"sceneViewState":{"m_AlwaysRefresh":false,"showFog":true,"showSkybox":false,"showFlares":true,"showImageEffects":true,"showParticleSystems":true,"showVisualEffectGraphs":true,"m_FxEnabled":true},"in2DMode":false,"pivot":{"x":-0.22500000894069673,"y":0.02499999850988388,"z":0.2999039590358734},"rotation":{"x":0.11897603422403336,"y":-0.8467998504638672,"z":0.21316316723823548,"w":0.472663015127182},"size":0.2031482756137848,"orthographic":true}