{"cameraMode":{"drawMode":0,"name":"Shaded","section":"Shading Mode"},"sceneLighting":false,"audioPlay":false,"sceneViewState":{"m_AlwaysRefresh":false,"showFog":true,"showSkybox":false,"showFlares":true,"showImageEffects":true,"showParticleSystems":true,"showVisualEffectGraphs":true,"m_FxEnabled":true},"in2DMode":false,"pivot":{"x":-0.28380492329597475,"y":0.5550693869590759,"z":-0.24951377511024476},"rotation":{"x":-0.000049801910790847614,"y":0.999968945980072,"z":0.0050992281176149849,"w":0.011696803383529187},"size":0.3819742798805237,"orthographic":false}