{"cameraMode":{"drawMode":0,"name":"Shaded","section":"Shading Mode"},"sceneLighting":false,"audioPlay":false,"sceneViewState":{"m_AlwaysRefresh":false,"showFog":true,"showSkybox":false,"showFlares":true,"showImageEffects":true,"showParticleSystems":true,"showVisualEffectGraphs":true,"m_FxEnabled":true},"in2DMode":false,"pivot":{"x":0.19419999420642854,"y":0.004999999888241291,"z":0.054999999701976779},"rotation":{"x":0.11897603422403336,"y":-0.8467998504638672,"z":0.21316316723823548,"w":0.472663015127182},"size":0.10523784160614014,"orthographic":true}